Period,Year,Month,Quarter,Department_Code,Department_Name,Budget_Revenue_N000,Actual_Revenue_N000,Revenue_Var_N000,Revenue_Var_Pct,Budget_OPEX_N000,Actual_OPEX_N000,OPEX_Var_N000,OPEX_Var_Pct,Budget_PBT_N000,Actual_PBT_N000,PBT_Var_N000,PBT_Var_Pct,Budget_Achievement_Pct,Achieved_Flag,CIR_Actual_Pct,Deals_Closed,CBN_MPR_Pct,Inflation_Rate_Pct,USD_NGN_Rate
2023-01,2023,1,Q1,TFI,Treasury & Fixed Income,153654.28,138664.19,-14990.09,-9.76,51402.42,57049.12,5646.7,10.99,102251.86,81615.07,-20636.79,-20.18,90.24,0,41.14,2,18.75,24.33,789.43
2023-01,2023,1,Q1,SS,Structured Solutions,87269.58,99668.23,12398.65,14.21,33903.67,30667.48,-3236.19,-9.55,53365.91,69000.75,15634.84,29.3,114.21,1,30.77,7,18.75,24.33,789.43
2023-01,2023,1,Q1,AM,Asset Management,44857.55,44148.14,-709.41,-1.58,20761.55,18890.98,-1870.57,-9.01,24096.0,25257.16,1161.16,4.82,98.42,0,42.79,4,18.75,24.33,789.43
2023-01,2023,1,Q1,FA,Financial Advisory,36239.7,41675.03,5435.33,15.0,15929.4,17403.18,1473.78,9.25,20310.3,24271.85,3961.55,19.51,115.0,1,41.76,11,18.75,24.33,789.43
2023-01,2023,1,Q1,ER,Economic Research & Consulting,30868.5,29599.37,-1269.13,-4.11,16335.98,16312.34,-23.64,-0.14,14532.52,13287.03,-1245.49,-8.57,95.89,0,55.11,4,18.75,24.33,789.43
2023-01,2023,1,Q1,CORP,Corporate / HQ,22778.19,23161.22,383.03,1.68,17648.28,20134.49,2486.21,14.09,5129.91,3026.73,-2103.18,-41.0,101.68,1,86.93,5,18.75,24.33,789.43
2023-02,2023,2,Q1,TFI,Treasury & Fixed Income,163463.33,188292.73,24829.4,15.19,56392.62,52686.52,-3706.1,-6.57,107070.71,135606.21,28535.5,26.65,115.19,1,27.98,3,19.26,23.29,722.5
2023-02,2023,2,Q1,SS,Structured Solutions,91893.71,102918.04,11024.33,12.0,35650.04,30361.59,-5288.45,-14.83,56243.67,72556.45,16312.78,29.0,112.0,1,29.5,10,19.26,23.29,722.5
2023-02,2023,2,Q1,AM,Asset Management,46893.24,43942.06,-2951.18,-6.29,21586.47,22477.28,890.81,4.13,25306.77,21464.78,-3841.99,-15.18,93.71,0,51.15,7,19.26,23.29,722.5
2023-02,2023,2,Q1,FA,Financial Advisory,39921.12,38490.97,-1430.15,-3.58,15971.15,14092.42,-1878.73,-11.76,23949.97,24398.55,448.58,1.87,96.42,0,36.61,10,19.26,23.29,722.5
2023-02,2023,2,Q1,ER,Economic Research & Consulting,33163.14,29566.61,-3596.53,-10.84,18076.27,19462.09,1385.82,7.67,15086.87,10104.52,-4982.35,-33.02,89.16,0,65.82,3,19.26,23.29,722.5
2023-02,2023,2,Q1,CORP,Corporate / HQ,24925.25,27690.04,2764.79,11.09,20206.21,22457.95,2251.74,11.14,4719.04,5232.09,513.05,10.87,111.09,1,81.1,3,19.26,23.29,722.5
2023-03,2023,3,Q1,TFI,Treasury & Fixed Income,185238.3,215572.72,30334.42,16.38,61636.81,61835.54,198.73,0.32,123601.49,153737.18,30135.69,24.38,116.38,1,28.68,2,18.15,24.11,758.24
2023-03,2023,3,Q1,SS,Structured Solutions,92511.96,109408.02,16896.06,18.26,36350.55,36555.46,204.91,0.56,56161.41,72852.56,16691.15,29.72,118.26,1,33.41,9,18.15,24.11,758.24
2023-03,2023,3,Q1,AM,Asset Management,51307.74,43023.2,-8284.54,-16.15,22577.41,25342.69,2765.28,12.25,28730.33,17680.51,-11049.82,-38.46,83.85,0,58.9,4,18.15,24.11,758.24
2023-03,2023,3,Q1,FA,Financial Advisory,43480.8,47100.2,3619.4,8.32,17782.81,19000.31,1217.5,6.85,25697.99,28099.89,2401.9,9.35,108.32,1,40.34,11,18.15,24.11,758.24
2023-03,2023,3,Q1,ER,Economic Research & Consulting,34652.62,34396.93,-255.69,-0.74,18278.08,20116.69,1838.61,10.06,16374.54,14280.24,-2094.3,-12.79,99.26,0,58.48,2,18.15,24.11,758.24
2023-03,2023,3,Q1,CORP,Corporate / HQ,25880.11,27534.45,1654.34,6.39,19703.23,19774.71,71.48,0.36,6176.88,7759.74,1582.86,25.63,106.39,1,71.82,2,18.15,24.11,758.24
2023-04,2023,4,Q2,TFI,Treasury & Fixed Income,195886.38,175434.42,-20451.96,-10.44,67470.58,59646.83,-7823.75,-11.6,128415.8,115787.59,-12628.21,-9.83,89.56,0,34.0,5,17.77,23.4,816.5
2023-04,2023,4,Q2,SS,Structured Solutions,98605.01,91230.16,-7374.85,-7.48,37837.12,42345.97,4508.85,11.92,60767.89,48884.19,-11883.7,-19.56,92.52,0,46.42,10,17.77,23.4,816.5
2023-04,2023,4,Q2,AM,Asset Management,55762.82,57899.34,2136.52,3.83,23861.68,21008.81,-2852.87,-11.96,31901.14,36890.53,4989.39,15.64,103.83,1,36.29,1,17.77,23.4,816.5
2023-04,2023,4,Q2,FA,Financial Advisory,43172.18,43490.3,318.12,0.74,18480.27,19322.76,842.49,4.56,24691.91,24167.54,-524.37,-2.12,100.74,1,44.43,9,17.77,23.4,816.5
2023-04,2023,4,Q2,ER,Economic Research & Consulting,34811.02,31970.48,-2840.54,-8.16,19617.99,20498.64,880.65,4.49,15193.03,11471.84,-3721.19,-24.49,91.84,0,64.12,5,17.77,23.4,816.5
2023-04,2023,4,Q2,CORP,Corporate / HQ,26126.34,30575.23,4448.89,17.03,20677.63,23109.61,2431.98,11.76,5448.71,7465.62,2016.91,37.02,117.03,1,75.58,4,17.77,23.4,816.5
2023-05,2023,5,Q2,TFI,Treasury & Fixed Income,204476.2,245027.25,40551.05,19.83,74535.72,71632.38,-2903.34,-3.9,129940.48,173394.87,43454.39,33.44,119.83,1,29.23,1,18.81,23.47,737.87
2023-05,2023,5,Q2,SS,Structured Solutions,106982.04,106300.48,-681.56,-0.64,44789.76,51019.39,6229.63,13.91,62192.28,55281.09,-6911.19,-11.11,99.36,0,48.0,10,18.81,23.47,737.87
2023-05,2023,5,Q2,AM,Asset Management,56600.64,66586.09,9985.45,17.64,24553.57,24688.59,135.02,0.55,32047.07,41897.5,9850.43,30.74,117.64,1,37.08,13,18.81,23.47,737.87
2023-05,2023,5,Q2,FA,Financial Advisory,47572.7,52112.11,4539.41,9.54,20759.79,19750.83,-1008.96,-4.86,26812.91,32361.28,5548.37,20.69,109.54,1,37.9,12,18.81,23.47,737.87
2023-05,2023,5,Q2,ER,Economic Research & Consulting,37596.75,30689.49,-6907.26,-18.37,20607.08,20870.71,263.63,1.28,16989.67,9818.78,-7170.89,-42.21,81.63,0,68.01,2,18.81,23.47,737.87
2023-05,2023,5,Q2,CORP,Corporate / HQ,26684.11,29783.1,3098.99,11.61,21048.83,18693.85,-2354.98,-11.19,5635.28,11089.25,5453.97,96.78,111.61,1,62.77,2,18.81,23.47,737.87
2023-06,2023,6,Q2,TFI,Treasury & Fixed Income,194864.09,202975.56,8111.47,4.16,68479.57,71302.91,2823.34,4.12,126384.52,131672.65,5288.13,4.18,104.16,1,35.13,5,18.74,23.62,776.49
2023-06,2023,6,Q2,SS,Structured Solutions,106210.34,91894.16,-14316.18,-13.48,40467.63,46084.32,5616.69,13.88,65742.71,45809.84,-19932.87,-30.32,86.52,0,50.15,6,18.74,23.62,776.49
2023-06,2023,6,Q2,AM,Asset Management,59539.49,62973.2,3433.71,5.77,26203.15,29778.82,3575.67,13.65,33336.34,33194.38,-141.96,-0.43,105.77,1,47.29,7,18.74,23.62,776.49
2023-06,2023,6,Q2,FA,Financial Advisory,46708.98,38684.16,-8024.82,-17.18,18716.78,20712.7,1995.92,10.66,27992.2,17971.46,-10020.74,-35.8,82.82,0,53.54,10,18.74,23.62,776.49
2023-06,2023,6,Q2,ER,Economic Research & Consulting,38371.85,39308.25,936.4,2.44,21111.14,23368.91,2257.77,10.69,17260.71,15939.34,-1321.37,-7.66,102.44,1,59.45,4,18.74,23.62,776.49
2023-06,2023,6,Q2,CORP,Corporate / HQ,29394.31,34052.81,4658.5,15.85,23692.93,22898.06,-794.87,-3.35,5701.38,11154.75,5453.37,95.65,115.85,1,67.24,4,18.74,23.62,776.49
2023-07,2023,7,Q3,TFI,Treasury & Fixed Income,215266.97,183672.07,-31594.9,-14.68,77712.75,72626.95,-5085.8,-6.54,137554.22,111045.12,-26509.1,-19.27,85.32,0,39.54,2,18.64,23.75,763.76
2023-07,2023,7,Q3,SS,Structured Solutions,113114.19,125140.27,12026.08,10.63,46618.8,43570.41,-3048.39,-6.54,66495.39,81569.86,15074.47,22.67,110.63,1,34.82,13,18.64,23.75,763.76
2023-07,2023,7,Q3,AM,Asset Management,61847.77,61964.72,116.95,0.19,28740.08,27188.54,-1551.54,-5.4,33107.69,34776.18,1668.49,5.04,100.19,1,43.88,2,18.64,23.75,763.76
2023-07,2023,7,Q3,FA,Financial Advisory,51553.82,43528.67,-8025.15,-15.57,21261.37,24132.05,2870.68,13.5,30292.45,19396.62,-10895.83,-35.97,84.43,0,55.44,17,18.64,23.75,763.76
2023-07,2023,7,Q3,ER,Economic Research & Consulting,40158.83,38625.23,-1533.6,-3.82,21630.61,20518.78,-1111.83,-5.14,18528.22,18106.45,-421.77,-2.28,96.18,0,53.12,6,18.64,23.75,763.76
2023-07,2023,7,Q3,CORP,Corporate / HQ,29874.44,29245.61,-628.83,-2.1,24826.15,23715.79,-1110.36,-4.47,5048.29,5529.82,481.53,9.54,97.9,0,81.09,1,18.64,23.75,763.76
2023-08,2023,8,Q3,TFI,Treasury & Fixed Income,216743.11,191188.29,-25554.82,-11.79,72705.12,77088.57,4383.45,6.03,144037.99,114099.72,-29938.27,-20.78,88.21,0,40.32,1,18.25,25.0,753.09
2023-08,2023,8,Q3,SS,Structured Solutions,114519.79,99205.2,-15314.59,-13.37,43906.14,50316.08,6409.94,14.6,70613.65,48889.12,-21724.53,-30.77,86.63,0,50.72,10,18.25,25.0,753.09
2023-08,2023,8,Q3,AM,Asset Management,63690.09,54775.46,-8914.63,-14.0,28639.4,24441.04,-4198.36,-14.66,35050.69,30334.42,-4716.27,-13.46,86.0,0,44.62,2,18.25,25.0,753.09
2023-08,2023,8,Q3,FA,Financial Advisory,49051.85,51169.84,2117.99,4.32,21108.67,21636.61,527.94,2.5,27943.18,29533.23,1590.05,5.69,104.32,1,42.28,22,18.25,25.0,753.09
2023-08,2023,8,Q3,ER,Economic Research & Consulting,39927.71,44321.43,4393.72,11.0,21353.25,24320.64,2967.39,13.9,18574.46,20000.79,1426.33,7.68,111.0,1,54.87,2,18.25,25.0,753.09
2023-08,2023,8,Q3,CORP,Corporate / HQ,31798.49,32115.6,317.11,1.0,26692.83,23279.86,-3412.97,-12.79,5105.66,8835.74,3730.08,73.06,101.0,1,72.49,4,18.25,25.0,753.09
2023-09,2023,9,Q3,TFI,Treasury & Fixed Income,210315.83,199543.7,-10772.13,-5.12,76926.04,85932.47,9006.43,11.71,133389.79,113611.23,-19778.56,-14.83,94.88,0,43.06,3,19.58,23.58,796.17
2023-09,2023,9,Q3,SS,Structured Solutions,114992.55,111100.16,-3892.39,-3.38,46381.81,40506.18,-5875.63,-12.67,68610.74,70593.98,1983.24,2.89,96.62,0,36.46,16,19.58,23.58,796.17
2023-09,2023,9,Q3,AM,Asset Management,59970.13,57303.07,-2667.06,-4.45,27824.64,31892.12,4067.48,14.62,32145.49,25410.95,-6734.54,-20.95,95.55,0,55.66,7,19.58,23.58,796.17
2023-09,2023,9,Q3,FA,Financial Advisory,51271.07,42652.0,-8619.07,-16.81,22319.24,24414.35,2095.11,9.39,28951.83,18237.65,-10714.18,-37.01,83.19,0,57.24,15,19.58,23.58,796.17
2023-09,2023,9,Q3,ER,Economic Research & Consulting,42687.88,42139.96,-547.92,-1.28,24117.69,24263.58,145.89,0.6,18570.19,17876.38,-693.81,-3.74,98.72,0,57.58,6,19.58,23.58,796.17
2023-09,2023,9,Q3,CORP,Corporate / HQ,32278.93,33676.98,1398.05,4.33,26350.14,24081.11,-2269.03,-8.61,5928.79,9595.87,3667.08,61.85,104.33,1,71.51,1,19.58,23.58,796.17
2023-10,2023,10,Q4,TFI,Treasury & Fixed Income,221993.1,223506.14,1513.04,0.68,80837.8,77157.79,-3680.01,-4.55,141155.3,146348.35,5193.05,3.68,100.68,1,34.52,6,18.59,25.77,717.24
2023-10,2023,10,Q4,SS,Structured Solutions,122563.24,124659.7,2096.46,1.71,47840.08,47253.6,-586.48,-1.23,74723.16,77406.1,2682.94,3.59,101.71,1,37.91,6,18.59,25.77,717.24
2023-10,2023,10,Q4,AM,Asset Management,61732.63,53996.6,-7736.03,-12.53,26776.36,27907.99,1131.63,4.23,34956.27,26088.61,-8867.66,-25.37,87.47,0,51.68,5,18.59,25.77,717.24
2023-10,2023,10,Q4,FA,Financial Advisory,51787.11,42795.08,-8992.03,-17.36,21030.5,19633.59,-1396.91,-6.64,30756.61,23161.49,-7595.12,-24.69,82.64,0,45.88,6,18.59,25.77,717.24
2023-10,2023,10,Q4,ER,Economic Research & Consulting,43558.85,35608.02,-7950.83,-18.25,24674.68,25621.45,946.77,3.84,18884.17,9986.57,-8897.6,-47.12,81.75,0,71.95,3,18.59,25.77,717.24
2023-10,2023,10,Q4,CORP,Corporate / HQ,31343.45,34798.52,3455.07,11.02,25697.27,23265.19,-2432.08,-9.46,5646.18,11533.33,5887.15,104.27,111.02,1,66.86,1,18.59,25.77,717.24
2023-11,2023,11,Q4,TFI,Treasury & Fixed Income,240417.74,206327.02,-34090.72,-14.18,82063.06,87315.5,5252.44,6.4,158354.68,119011.52,-39343.16,-24.84,85.82,0,42.32,3,19.69,24.13,751.2
2023-11,2023,11,Q4,SS,Structured Solutions,122245.62,126154.68,3909.06,3.2,47638.97,44341.07,-3297.9,-6.92,74606.65,81813.61,7206.96,9.66,103.2,1,35.15,4,19.69,24.13,751.2
2023-11,2023,11,Q4,AM,Asset Management,64483.13,73548.8,9065.67,14.06,29288.99,30862.71,1573.72,5.37,35194.14,42686.09,7491.95,21.29,114.06,1,41.96,7,19.69,24.13,751.2
2023-11,2023,11,Q4,FA,Financial Advisory,54652.12,51438.71,-3213.41,-5.88,23288.83,23783.33,494.5,2.12,31363.29,27655.38,-3707.91,-11.82,94.12,0,46.24,12,19.69,24.13,751.2
2023-11,2023,11,Q4,ER,Economic Research & Consulting,42908.4,36795.18,-6113.22,-14.25,23000.09,20658.78,-2341.31,-10.18,19908.31,16136.4,-3771.91,-18.95,85.75,0,56.15,4,19.69,24.13,751.2
2023-11,2023,11,Q4,CORP,Corporate / HQ,33598.12,32514.34,-1083.78,-3.23,28175.06,24895.81,-3279.25,-11.64,5423.06,7618.53,2195.47,40.48,96.77,0,76.57,4,19.69,24.13,751.2
2023-12,2023,12,Q4,TFI,Treasury & Fixed Income,259579.34,272830.26,13250.92,5.1,91503.39,85463.59,-6039.8,-6.6,168075.95,187366.67,19290.72,11.48,105.1,1,31.32,3,17.4,25.1,740.67
2023-12,2023,12,Q4,SS,Structured Solutions,130471.48,120739.98,-9731.5,-7.46,50178.48,51843.7,1665.22,3.32,80293.0,68896.28,-11396.72,-14.19,92.54,0,42.94,5,17.4,25.1,740.67
2023-12,2023,12,Q4,AM,Asset Management,69950.2,60744.0,-9206.2,-13.16,30103.2,34528.01,4424.81,14.7,39847.0,26215.99,-13631.01,-34.21,86.84,0,56.84,6,17.4,25.1,740.67
2023-12,2023,12,Q4,FA,Financial Advisory,58737.69,54986.5,-3751.19,-6.39,25729.47,28281.47,2552.0,9.92,33008.22,26705.03,-6303.19,-19.1,93.61,0,51.43,20,17.4,25.1,740.67
2023-12,2023,12,Q4,ER,Economic Research & Consulting,48502.59,55033.29,6530.7,13.46,25826.07,22467.36,-3358.71,-13.01,22676.52,32565.93,9889.41,43.61,113.46,1,40.83,7,17.4,25.1,740.67
2023-12,2023,12,Q4,CORP,Corporate / HQ,36674.57,38855.64,2181.07,5.95,29407.33,28161.9,-1245.43,-4.24,7267.24,10693.74,3426.5,47.15,105.95,1,72.48,4,17.4,25.1,740.67
2024-01,2024,1,Q1,TFI,Treasury & Fixed Income,178096.75,209826.87,31730.12,17.82,61610.11,62415.1,804.99,1.31,116486.64,147411.77,30925.13,26.55,117.82,1,29.75,5,20.13,32.5,1451.47
2024-01,2024,1,Q1,SS,Structured Solutions,92397.89,104221.68,11823.79,12.8,37402.93,37778.39,375.46,1.0,54994.96,66443.29,11448.33,20.82,112.8,1,36.25,7,20.13,32.5,1451.47
2024-01,2024,1,Q1,AM,Asset Management,53657.17,60934.99,7277.82,13.56,23764.42,26054.77,2290.35,9.64,29892.75,34880.22,4987.47,16.68,113.56,1,42.76,5,20.13,32.5,1451.47
2024-01,2024,1,Q1,FA,Financial Advisory,42391.09,45325.01,2933.92,6.92,18196.02,18966.52,770.5,4.23,24195.07,26358.49,2163.42,8.94,106.92,1,41.85,15,20.13,32.5,1451.47
2024-01,2024,1,Q1,ER,Economic Research & Consulting,33991.46,31461.19,-2530.27,-7.44,18100.04,20317.93,2217.89,12.25,15891.42,11143.26,-4748.16,-29.88,92.56,0,64.58,7,20.13,32.5,1451.47
2024-01,2024,1,Q1,CORP,Corporate / HQ,24882.68,28216.08,3333.4,13.4,20766.32,21172.09,405.77,1.95,4116.36,7043.99,2927.63,71.12,113.4,1,75.04,3,20.13,32.5,1451.47
2024-02,2024,2,Q1,TFI,Treasury & Fixed Income,190922.07,213388.54,22466.47,11.77,69725.28,78627.15,8901.87,12.77,121196.79,134761.39,13564.6,11.19,111.77,1,36.85,4,23.68,36.96,1557.63
2024-02,2024,2,Q1,SS,Structured Solutions,105012.22,121375.85,16363.63,15.58,42084.02,43236.39,1152.37,2.74,62928.2,78139.46,15211.26,24.17,115.58,1,35.62,4,23.68,36.96,1557.63
2024-02,2024,2,Q1,AM,Asset Management,54051.0,52069.53,-1981.47,-3.67,24413.91,27489.01,3075.1,12.6,29637.09,24580.52,-5056.57,-17.06,96.33,0,52.79,5,23.68,36.96,1557.63
2024-02,2024,2,Q1,FA,Financial Advisory,44160.1,38625.26,-5534.84,-12.53,18544.21,18093.17,-451.04,-2.43,25615.89,20532.09,-5083.8,-19.85,87.47,0,46.84,16,23.68,36.96,1557.63
2024-02,2024,2,Q1,ER,Economic Research & Consulting,36939.43,37924.34,984.91,2.67,19327.46,20275.69,948.23,4.91,17611.97,17648.65,36.68,0.21,102.67,1,53.46,4,23.68,36.96,1557.63
2024-02,2024,2,Q1,CORP,Corporate / HQ,28848.66,28871.46,22.8,0.08,23299.07,20273.06,-3026.01,-12.99,5549.59,8598.4,3048.81,54.94,100.08,1,70.22,3,23.68,36.96,1557.63
2024-03,2024,3,Q1,TFI,Treasury & Fixed Income,205235.36,203840.36,-1395.0,-0.68,72260.79,64787.01,-7473.78,-10.34,132974.57,139053.35,6078.78,4.57,99.32,0,31.78,4,24.57,30.99,1561.09
2024-03,2024,3,Q1,SS,Structured Solutions,109702.14,108219.76,-1482.38,-1.35,41798.21,37486.55,-4311.66,-10.32,67903.93,70733.21,2829.28,4.17,98.65,0,34.64,6,24.57,30.99,1561.09
2024-03,2024,3,Q1,AM,Asset Management,56652.82,62769.61,6116.79,10.8,24674.26,25804.93,1130.67,4.58,31978.56,36964.68,4986.12,15.59,110.8,1,41.11,4,24.57,30.99,1561.09
2024-03,2024,3,Q1,FA,Financial Advisory,50780.01,48411.44,-2368.57,-4.66,21686.09,19766.77,-1919.32,-8.85,29093.92,28644.67,-449.25,-1.54,95.34,0,40.83,8,24.57,30.99,1561.09
2024-03,2024,3,Q1,ER,Economic Research & Consulting,38072.63,38426.59,353.96,0.93,20775.41,23222.78,2447.37,11.78,17297.22,15203.81,-2093.41,-12.1,100.93,1,60.43,7,24.57,30.99,1561.09
2024-03,2024,3,Q1,CORP,Corporate / HQ,29647.56,28965.83,-681.73,-2.3,23230.56,26355.91,3125.35,13.45,6417.0,2609.92,-3807.08,-59.33,97.7,0,90.99,1,24.57,30.99,1561.09
2024-04,2024,4,Q2,TFI,Treasury & Fixed Income,224358.96,256035.38,31676.42,14.12,77938.37,66772.98,-11165.39,-14.33,146420.59,189262.4,42841.81,29.26,114.12,1,26.08,3,19.34,33.12,1538.26
2024-04,2024,4,Q2,SS,Structured Solutions,108983.07,124566.16,15583.09,14.3,45704.89,46057.14,352.25,0.77,63278.18,78509.02,15230.84,24.07,114.3,1,36.97,4,19.34,33.12,1538.26
2024-04,2024,4,Q2,AM,Asset Management,62141.25,57086.67,-5054.58,-8.13,28115.06,29392.22,1277.16,4.54,34026.19,27694.45,-6331.74,-18.61,91.87,0,51.49,2,19.34,33.12,1538.26
2024-04,2024,4,Q2,FA,Financial Advisory,49525.06,56090.43,6565.37,13.26,21578.24,22208.84,630.6,2.92,27946.82,33881.59,5934.77,21.24,113.26,1,39.59,15,19.34,33.12,1538.26
2024-04,2024,4,Q2,ER,Economic Research & Consulting,39778.28,44798.48,5020.2,12.62,21700.34,20939.56,-760.78,-3.51,18077.94,23858.92,5780.98,31.98,112.62,1,46.74,4,19.34,33.12,1538.26
2024-04,2024,4,Q2,CORP,Corporate / HQ,31152.76,28296.85,-2855.91,-9.17,24646.31,23083.93,-1562.38,-6.34,6506.45,5212.92,-1293.53,-19.88,90.83,0,81.58,2,19.34,33.12,1538.26
2024-05,2024,5,Q2,TFI,Treasury & Fixed Income,230465.46,213019.2,-17446.26,-7.57,76881.3,71398.07,-5483.23,-7.13,153584.16,141621.13,-11963.03,-7.79,92.43,0,33.52,1,21.05,38.46,1489.47
2024-05,2024,5,Q2,SS,Structured Solutions,117933.34,124485.8,6552.46,5.56,46391.41,50161.81,3770.4,8.13,71541.93,74323.99,2782.06,3.89,105.56,1,40.3,6,21.05,38.46,1489.47
2024-05,2024,5,Q2,AM,Asset Management,66404.1,73561.78,7157.68,10.78,30463.63,28381.24,-2082.39,-6.84,35940.47,45180.54,9240.07,25.71,110.78,1,38.58,4,21.05,38.46,1489.47
2024-05,2024,5,Q2,FA,Financial Advisory,56039.97,54401.16,-1638.81,-2.92,22795.69,23082.24,286.55,1.26,33244.28,31318.92,-1925.36,-5.79,97.08,0,42.43,16,21.05,38.46,1489.47
2024-05,2024,5,Q2,ER,Economic Research & Consulting,44215.6,45808.19,1592.59,3.6,24786.17,27382.74,2596.57,10.48,19429.43,18425.45,-1003.98,-5.17,103.6,1,59.78,5,21.05,38.46,1489.47
2024-05,2024,5,Q2,CORP,Corporate / HQ,32836.77,37863.73,5026.96,15.31,25430.31,25948.67,518.36,2.04,7406.46,11915.06,4508.6,60.87,115.31,1,68.53,1,21.05,38.46,1489.47
2024-06,2024,6,Q2,TFI,Treasury & Fixed Income,244568.61,294624.08,50055.47,20.47,89401.89,88710.3,-691.59,-0.77,155166.72,205913.78,50747.06,32.7,120.47,1,30.11,4,22.18,31.04,1534.25
2024-06,2024,6,Q2,SS,Structured Solutions,124074.96,114255.57,-9819.39,-7.91,47746.86,41687.11,-6059.75,-12.69,76328.1,72568.46,-3759.64,-4.93,92.09,0,36.49,7,22.18,31.04,1534.25
2024-06,2024,6,Q2,AM,Asset Management,67875.81,77307.29,9431.48,13.9,30898.01,28422.7,-2475.31,-8.01,36977.8,48884.59,11906.79,32.2,113.9,1,36.77,2,22.18,31.04,1534.25
2024-06,2024,6,Q2,FA,Financial Advisory,57953.03,57971.18,18.15,0.03,25408.98,27686.51,2277.53,8.96,32544.05,30284.67,-2259.38,-6.94,100.03,1,47.76,15,22.18,31.04,1534.25
2024-06,2024,6,Q2,ER,Economic Research & Consulting,44598.03,45712.26,1114.23,2.5,25445.51,29140.84,3695.33,14.52,19152.52,16571.42,-2581.1,-13.48,102.5,1,63.75,6,22.18,31.04,1534.25
2024-06,2024,6,Q2,CORP,Corporate / HQ,32802.88,30397.48,-2405.4,-7.33,25543.23,22034.3,-3508.93,-13.74,7259.65,8363.18,1103.53,15.2,92.67,0,72.49,1,22.18,31.04,1534.25
2024-07,2024,7,Q3,TFI,Treasury & Fixed Income,232561.71,278340.46,45778.75,19.68,83727.35,73414.09,-10313.26,-12.32,148834.36,204926.37,56092.01,37.69,119.68,1,26.38,5,21.97,33.67,1574.04
2024-07,2024,7,Q3,SS,Structured Solutions,131506.51,121179.28,-10327.23,-7.85,54931.49,57397.58,2466.09,4.49,76575.02,63781.7,-12793.32,-16.71,92.15,0,47.37,5,21.97,33.67,1574.04
2024-07,2024,7,Q3,AM,Asset Management,70284.17,66491.99,-3792.18,-5.4,30229.43,34483.64,4254.21,14.07,40054.74,32008.35,-8046.39,-20.09,94.6,0,51.86,7,21.97,33.67,1574.04
2024-07,2024,7,Q3,FA,Financial Advisory,58776.67,52416.48,-6360.19,-10.82,24004.41,24270.67,266.26,1.11,34772.26,28145.81,-6626.45,-19.06,89.18,0,46.3,12,21.97,33.67,1574.04
2024-07,2024,7,Q3,ER,Economic Research & Consulting,43719.64,48667.31,4947.67,11.32,23482.17,20872.23,-2609.94,-11.11,20237.47,27795.08,7557.61,37.34,111.32,1,42.89,9,21.97,33.67,1574.04
2024-07,2024,7,Q3,CORP,Corporate / HQ,34950.08,34898.19,-51.89,-0.15,26788.67,24539.89,-2248.78,-8.39,8161.41,10358.3,2196.89,26.92,99.85,0,70.32,1,21.97,33.67,1574.04
2024-08,2024,8,Q3,TFI,Treasury & Fixed Income,245864.13,261664.54,15800.41,6.43,88846.4,84789.92,-4056.48,-4.57,157017.73,176874.62,19856.89,12.65,106.43,1,32.4,6,21.0,33.17,1545.07
2024-08,2024,8,Q3,SS,Structured Solutions,133775.91,146686.74,12910.83,9.65,55313.73,58590.59,3276.86,5.92,78462.18,88096.15,9633.97,12.28,109.65,1,39.94,8,21.0,33.17,1545.07
2024-08,2024,8,Q3,AM,Asset Management,69223.04,75291.34,6068.3,8.77,30093.62,32964.25,2870.63,9.54,39129.42,42327.09,3197.67,8.17,108.77,1,43.78,2,21.0,33.17,1545.07
2024-08,2024,8,Q3,FA,Financial Advisory,57403.86,59222.0,1818.14,3.17,25269.74,26269.01,999.27,3.95,32134.12,32952.99,818.87,2.55,103.17,1,44.36,10,21.0,33.17,1545.07
2024-08,2024,8,Q3,ER,Economic Research & Consulting,47109.98,50818.92,3708.94,7.87,24892.16,26841.42,1949.26,7.83,22217.82,23977.5,1759.68,7.92,107.87,1,52.82,8,21.0,33.17,1545.07
2024-08,2024,8,Q3,CORP,Corporate / HQ,34491.32,37076.17,2584.85,7.49,26399.24,27050.01,650.77,2.47,8092.08,10026.16,1934.08,23.9,107.49,1,72.96,2,21.0,33.17,1545.07
2024-09,2024,9,Q3,TFI,Treasury & Fixed Income,260232.32,285726.22,25493.9,9.8,90588.59,84436.54,-6152.05,-6.79,169643.73,201289.68,31645.95,18.65,109.8,1,29.55,3,22.37,32.15,1439.52
2024-09,2024,9,Q3,SS,Structured Solutions,136636.04,149086.33,12450.29,9.11,53128.3,46472.08,-6656.22,-12.53,83507.74,102614.25,19106.51,22.88,109.11,1,31.17,12,22.37,32.15,1439.52
2024-09,2024,9,Q3,AM,Asset Management,75247.55,67932.26,-7315.29,-9.72,32889.93,28263.64,-4626.29,-14.07,42357.62,39668.62,-2689.0,-6.35,90.28,0,41.61,8,22.37,32.15,1439.52
2024-09,2024,9,Q3,FA,Financial Advisory,62408.78,67590.52,5181.74,8.3,26542.53,23606.22,-2936.31,-11.06,35866.25,43984.3,8118.05,22.63,108.3,1,34.93,14,22.37,32.15,1439.52
2024-09,2024,9,Q3,ER,Economic Research & Consulting,48173.82,40706.22,-7467.6,-15.5,25502.51,26922.22,1419.71,5.57,22671.31,13784.0,-8887.31,-39.2,84.5,0,66.14,3,22.37,32.15,1439.52
2024-09,2024,9,Q3,CORP,Corporate / HQ,36493.96,33459.04,-3034.92,-8.32,30063.9,28353.52,-1710.38,-5.69,6430.06,5105.52,-1324.54,-20.6,91.68,0,84.74,1,22.37,32.15,1439.52
2024-10,2024,10,Q4,TFI,Treasury & Fixed Income,257555.23,274834.0,17278.77,6.71,88266.29,93429.39,5163.1,5.85,169288.94,181404.61,12115.67,7.16,106.71,1,33.99,2,19.96,32.85,1394.95
2024-10,2024,10,Q4,SS,Structured Solutions,134917.56,118043.47,-16874.09,-12.51,52574.92,60250.79,7675.87,14.6,82342.64,57792.68,-24549.96,-29.81,87.49,0,51.04,5,19.96,32.85,1394.95
2024-10,2024,10,Q4,AM,Asset Management,72455.54,72917.53,461.99,0.64,31261.23,29860.35,-1400.88,-4.48,41194.31,43057.18,1862.87,4.52,100.64,1,40.95,1,19.96,32.85,1394.95
2024-10,2024,10,Q4,FA,Financial Advisory,60812.58,52244.08,-8568.5,-14.09,25713.79,27175.35,1461.56,5.68,35098.79,25068.73,-10030.06,-28.58,85.91,0,52.02,13,19.96,32.85,1394.95
2024-10,2024,10,Q4,ER,Economic Research & Consulting,47522.21,39942.02,-7580.19,-15.95,26493.81,28134.91,1641.1,6.19,21028.4,11807.11,-9221.29,-43.85,84.05,0,70.44,2,19.96,32.85,1394.95
2024-10,2024,10,Q4,CORP,Corporate / HQ,37019.81,39805.99,2786.18,7.53,30714.5,32687.17,1972.67,6.42,6305.31,7118.82,813.51,12.9,107.53,1,82.12,3,19.96,32.85,1394.95
2024-11,2024,11,Q4,TFI,Treasury & Fixed Income,273677.32,284566.97,10889.65,3.98,98005.39,85704.63,-12300.76,-12.55,175671.93,198862.34,23190.41,13.2,103.98,1,30.12,1,22.11,35.1,1434.16
2024-11,2024,11,Q4,SS,Structured Solutions,136514.16,157881.21,21367.05,15.65,53072.41,60649.0,7576.59,14.28,83441.75,97232.21,13790.46,16.53,115.65,1,38.41,13,22.11,35.1,1434.16
2024-11,2024,11,Q4,AM,Asset Management,73468.68,67059.7,-6408.98,-8.72,32937.33,36576.3,3638.97,11.05,40531.35,30483.4,-10047.95,-24.79,91.28,0,54.54,6,22.11,35.1,1434.16
2024-11,2024,11,Q4,FA,Financial Advisory,66596.71,67798.11,1201.4,1.8,27798.92,29677.5,1878.58,6.76,38797.79,38120.61,-677.18,-1.75,101.8,1,43.77,12,22.11,35.1,1434.16
2024-11,2024,11,Q4,ER,Economic Research & Consulting,53450.4,50905.26,-2545.14,-4.76,28741.64,29537.93,796.29,2.77,24708.76,21367.33,-3341.43,-13.52,95.24,0,58.03,8,22.11,35.1,1434.16
2024-11,2024,11,Q4,CORP,Corporate / HQ,37531.77,43901.0,6369.23,16.97,29067.54,32157.87,3090.33,10.63,8464.23,11743.13,3278.9,38.74,116.97,1,73.25,3,22.11,35.1,1434.16
2024-12,2024,12,Q4,TFI,Treasury & Fixed Income,288886.87,261510.41,-27376.46,-9.48,100009.13,114092.79,14083.66,14.08,188877.74,147417.62,-41460.12,-21.95,90.52,0,43.63,2,23.32,28.73,1468.82
2024-12,2024,12,Q4,SS,Structured Solutions,154028.23,136231.32,-17796.91,-11.55,64505.92,63611.67,-894.25,-1.39,89522.31,72619.65,-16902.66,-18.88,88.45,0,46.69,4,23.32,28.73,1468.82
2024-12,2024,12,Q4,AM,Asset Management,84468.54,82366.92,-2101.62,-2.49,37055.68,38357.95,1302.27,3.51,47412.86,44008.97,-3403.89,-7.18,97.51,0,46.57,3,23.32,28.73,1468.82
2024-12,2024,12,Q4,FA,Financial Advisory,69760.19,73135.18,3374.99,4.84,29224.95,32242.46,3017.51,10.33,40535.24,40892.72,357.48,0.88,104.84,1,44.09,16,23.32,28.73,1468.82
2024-12,2024,12,Q4,ER,Economic Research & Consulting,56527.1,49530.22,-6996.88,-12.38,29883.37,27819.17,-2064.2,-6.91,26643.73,21711.05,-4932.68,-18.51,87.62,0,56.17,3,23.32,28.73,1468.82
2024-12,2024,12,Q4,CORP,Corporate / HQ,39344.31,38667.26,-677.05,-1.72,32841.09,31029.8,-1811.29,-5.52,6503.22,7637.46,1134.24,17.44,98.28,0,80.25,1,23.32,28.73,1468.82
2025-01,2025,1,Q1,TFI,Treasury & Fixed Income,191251.4,196197.99,4946.59,2.59,68054.95,60697.9,-7357.05,-10.81,123196.45,135500.09,12303.64,9.99,102.59,1,30.94,1,27.67,29.48,1571.99
2025-01,2025,1,Q1,SS,Structured Solutions,98102.16,107437.44,9335.28,9.52,38070.91,40051.73,1980.82,5.2,60031.25,67385.71,7354.46,12.25,109.52,1,37.28,14,27.67,29.48,1571.99
2025-01,2025,1,Q1,AM,Asset Management,56909.34,60792.24,3882.9,6.82,26061.24,23838.28,-2222.96,-8.53,30848.1,36953.96,6105.86,19.79,106.82,1,39.21,6,27.67,29.48,1571.99
2025-01,2025,1,Q1,FA,Financial Advisory,47634.62,45577.85,-2056.77,-4.32,20748.29,22505.99,1757.7,8.47,26886.33,23071.86,-3814.47,-14.19,95.68,0,49.38,12,27.67,29.48,1571.99
2025-01,2025,1,Q1,ER,Economic Research & Consulting,37748.85,35717.23,-2031.62,-5.38,20402.76,21428.57,1025.81,5.03,17346.09,14288.66,-3057.43,-17.63,94.62,0,60.0,7,27.67,29.48,1571.99
2025-01,2025,1,Q1,CORP,Corporate / HQ,26800.57,25512.16,-1288.41,-4.81,21217.85,22462.07,1244.22,5.86,5582.72,3050.09,-2532.63,-45.37,95.19,0,88.04,2,27.67,29.48,1571.99
2025-02,2025,2,Q1,TFI,Treasury & Fixed Income,192178.15,205315.21,13137.06,6.84,68393.79,70845.51,2451.72,3.58,123784.36,134469.7,10685.34,8.63,106.84,1,34.51,4,28.8,26.86,1543.94
2025-02,2025,2,Q1,SS,Structured Solutions,100164.7,96329.01,-3835.69,-3.83,39585.87,38384.31,-1201.56,-3.04,60578.83,57944.7,-2634.13,-4.35,96.17,0,39.85,8,28.8,26.86,1543.94
2025-02,2025,2,Q1,AM,Asset Management,54531.6,57426.73,2895.13,5.31,25515.96,23552.37,-1963.59,-7.7,29015.64,33874.36,4858.72,16.75,105.31,1,41.01,4,28.8,26.86,1543.94
2025-02,2025,2,Q1,FA,Financial Advisory,47729.16,43114.47,-4614.69,-9.67,19615.0,18481.0,-1134.0,-5.78,28114.16,24633.47,-3480.69,-12.38,90.33,0,42.86,14,28.8,26.86,1543.94
2025-02,2025,2,Q1,ER,Economic Research & Consulting,37515.84,38225.86,710.02,1.89,21079.71,19641.8,-1437.91,-6.82,16436.13,18584.06,2147.93,13.07,101.89,1,51.38,4,28.8,26.86,1543.94
2025-02,2025,2,Q1,CORP,Corporate / HQ,28750.17,30913.81,2163.64,7.53,22095.95,22542.15,446.2,2.02,6654.22,8371.66,1717.44,25.81,107.53,1,72.92,3,28.8,26.86,1543.94
2025-03,2025,3,Q1,TFI,Treasury & Fixed Income,217623.89,249909.53,32285.64,14.84,79094.8,72642.56,-6452.24,-8.16,138529.09,177266.97,38737.88,27.96,114.84,1,29.07,5,26.81,28.9,1608.32
2025-03,2025,3,Q1,SS,Structured Solutions,109877.48,123393.4,13515.92,12.3,42961.24,47119.21,4157.97,9.68,66916.24,76274.19,9357.95,13.98,112.3,1,38.19,9,26.81,28.9,1608.32
2025-03,2025,3,Q1,AM,Asset Management,59064.31,48935.37,-10128.94,-17.15,26956.28,27822.34,866.06,3.21,32108.03,21113.03,-10995.0,-34.24,82.85,0,56.86,4,26.81,28.9,1608.32
2025-03,2025,3,Q1,FA,Financial Advisory,53796.05,46287.58,-7508.47,-13.96,23035.26,22374.05,-661.21,-2.87,30760.79,23913.53,-6847.26,-22.26,86.04,0,48.34,10,26.81,28.9,1608.32
2025-03,2025,3,Q1,ER,Economic Research & Consulting,41824.87,48237.25,6412.38,15.33,22148.85,19518.3,-2630.55,-11.88,19676.02,28718.95,9042.93,45.96,115.33,1,40.46,4,26.81,28.9,1608.32
2025-03,2025,3,Q1,CORP,Corporate / HQ,31989.58,28441.05,-3548.53,-11.09,25139.64,23078.11,-2061.53,-8.2,6849.94,5362.94,-1487.0,-21.71,88.91,0,81.14,1,26.81,28.9,1608.32
2025-04,2025,4,Q2,TFI,Treasury & Fixed Income,231992.15,216045.11,-15947.04,-6.87,81522.14,90817.6,9295.46,11.4,150470.01,125227.51,-25242.5,-16.78,93.13,0,42.04,3,27.67,27.66,1582.01
2025-04,2025,4,Q2,SS,Structured Solutions,119975.75,144144.62,24168.87,20.14,48766.97,49612.35,845.38,1.73,71208.78,94532.27,23323.49,32.75,120.14,1,34.42,9,27.67,27.66,1582.01
2025-04,2025,4,Q2,AM,Asset Management,64031.29,69936.18,5904.89,9.22,28374.87,29778.67,1403.8,4.95,35656.42,40157.51,4501.09,12.62,109.22,1,42.58,9,27.67,27.66,1582.01
2025-04,2025,4,Q2,FA,Financial Advisory,54288.28,45795.64,-8492.64,-15.64,23383.12,20771.55,-2611.57,-11.17,30905.16,25024.09,-5881.07,-19.03,84.36,0,45.36,12,27.67,27.66,1582.01
2025-04,2025,4,Q2,ER,Economic Research & Consulting,42055.85,37699.96,-4355.89,-10.36,22807.2,19985.79,-2821.41,-12.37,19248.65,17714.17,-1534.48,-7.97,89.64,0,53.01,8,27.67,27.66,1582.01
2025-04,2025,4,Q2,CORP,Corporate / HQ,33758.86,38029.79,4270.93,12.65,26219.86,29606.9,3387.04,12.92,7539.0,8422.89,883.89,11.72,112.65,1,77.85,1,27.67,27.66,1582.01
2025-05,2025,5,Q2,TFI,Treasury & Fixed Income,241836.09,231576.2,-10259.89,-4.24,81095.42,78735.06,-2360.36,-2.91,160740.67,152841.14,-7899.53,-4.91,95.76,0,34.0,2,28.6,28.36,1596.04
2025-05,2025,5,Q2,SS,Structured Solutions,128960.64,138215.49,9254.85,7.18,53247.75,47377.58,-5870.17,-11.02,75712.89,90837.91,15125.02,19.98,107.18,1,34.28,10,28.6,28.36,1596.04
2025-05,2025,5,Q2,AM,Asset Management,63964.41,55563.32,-8401.09,-13.13,30117.01,30564.51,447.5,1.49,33847.4,24998.81,-8848.59,-26.14,86.87,0,55.01,5,28.6,28.36,1596.04
2025-05,2025,5,Q2,FA,Financial Advisory,56745.12,50434.84,-6310.28,-11.12,24117.96,25204.72,1086.76,4.51,32627.16,25230.12,-7397.04,-22.67,88.88,0,49.97,7,28.6,28.36,1596.04
2025-05,2025,5,Q2,ER,Economic Research & Consulting,46022.52,44449.36,-1573.16,-3.42,24193.99,27785.83,3591.84,14.85,21828.53,16663.53,-5165.0,-23.66,96.58,0,62.51,4,28.6,28.36,1596.04
2025-05,2025,5,Q2,CORP,Corporate / HQ,32303.08,30015.35,-2287.73,-7.08,24811.47,26241.81,1430.34,5.76,7491.61,3773.54,-3718.07,-49.63,92.92,0,87.43,1,28.6,28.36,1596.04
2025-06,2025,6,Q2,TFI,Treasury & Fixed Income,252498.67,270861.22,18362.55,7.27,86662.31,89883.44,3221.13,3.72,165836.36,180977.78,15141.42,9.13,107.27,1,33.18,2,27.89,29.04,1580.18
2025-06,2025,6,Q2,SS,Structured Solutions,133192.63,133400.53,207.9,0.16,51650.09,49601.02,-2049.07,-3.97,81542.54,83799.51,2256.97,2.77,100.16,1,37.18,7,27.89,29.04,1580.18
2025-06,2025,6,Q2,AM,Asset Management,68266.35,74663.2,6396.85,9.37,29605.06,29918.67,313.61,1.06,38661.29,44744.53,6083.24,15.73,109.37,1,40.07,1,27.89,29.04,1580.18
2025-06,2025,6,Q2,FA,Financial Advisory,56780.14,65842.33,9062.19,15.96,24566.75,27953.84,3387.09,13.79,32213.39,37888.49,5675.1,17.62,115.96,1,42.46,14,27.89,29.04,1580.18
2025-06,2025,6,Q2,ER,Economic Research & Consulting,46854.55,45163.3,-1691.25,-3.61,26657.41,23443.19,-3214.22,-12.06,20197.14,21720.11,1522.97,7.54,96.39,0,51.91,6,27.89,29.04,1580.18
2025-06,2025,6,Q2,CORP,Corporate / HQ,34831.36,38405.26,3573.9,10.26,28957.64,32913.27,3955.63,13.66,5873.72,5491.99,-381.73,-6.5,110.26,1,85.7,3,27.89,29.04,1580.18
2025-07,2025,7,Q3,TFI,Treasury & Fixed Income,253687.74,298466.08,44778.34,17.65,90004.21,93080.56,3076.35,3.42,163683.53,205385.52,41701.99,25.48,117.65,1,31.19,2,28.31,28.07,1709.44
2025-07,2025,7,Q3,SS,Structured Solutions,133905.33,137184.39,3279.06,2.45,54527.47,47030.04,-7497.43,-13.75,79377.86,90154.35,10776.49,13.58,102.45,1,34.28,4,28.31,28.07,1709.44
2025-07,2025,7,Q3,AM,Asset Management,74602.22,80980.93,6378.71,8.55,33078.35,31059.27,-2019.08,-6.1,41523.87,49921.66,8397.79,20.22,108.55,1,38.35,5,28.31,28.07,1709.44
2025-07,2025,7,Q3,FA,Financial Advisory,60407.48,65495.14,5087.66,8.42,24775.04,21214.46,-3560.58,-14.37,35632.44,44280.68,8648.24,24.27,108.42,1,32.39,11,28.31,28.07,1709.44
2025-07,2025,7,Q3,ER,Economic Research & Consulting,48156.47,45187.54,-2968.93,-6.17,25706.54,22786.69,-2919.85,-11.36,22449.93,22400.85,-49.08,-0.22,93.83,0,50.43,7,28.31,28.07,1709.44
2025-07,2025,7,Q3,CORP,Corporate / HQ,37384.83,38756.01,1371.18,3.67,30154.37,32398.52,2244.15,7.44,7230.46,6357.49,-872.97,-12.07,103.67,1,83.6,2,28.31,28.07,1709.44
2025-08,2025,8,Q3,TFI,Treasury & Fixed Income,249974.07,245624.4,-4349.67,-1.74,86896.66,85317.01,-1579.65,-1.82,163077.41,160307.39,-2770.02,-1.7,98.26,0,34.73,3,26.77,29.64,1567.38
2025-08,2025,8,Q3,SS,Structured Solutions,130573.3,151736.47,21163.17,16.21,52990.88,49587.38,-3403.5,-6.42,77582.42,102149.09,24566.67,31.67,116.21,1,32.68,15,26.77,29.64,1567.38
2025-08,2025,8,Q3,AM,Asset Management,70981.96,61571.34,-9410.62,-13.26,32663.7,35777.71,3114.01,9.53,38318.26,25793.63,-12524.63,-32.69,86.74,0,58.11,6,26.77,29.64,1567.38
2025-08,2025,8,Q3,FA,Financial Advisory,59964.01,60753.97,789.96,1.32,25660.59,28534.5,2873.91,11.2,34303.42,32219.47,-2083.95,-6.08,101.32,1,46.97,14,26.77,29.64,1567.38
2025-08,2025,8,Q3,ER,Economic Research & Consulting,47298.08,45710.64,-1587.44,-3.36,24737.52,22857.56,-1879.96,-7.6,22560.56,22853.08,292.52,1.3,96.64,0,50.0,6,26.77,29.64,1567.38
2025-08,2025,8,Q3,CORP,Corporate / HQ,37577.72,39146.77,1569.05,4.18,29124.31,27860.76,-1263.55,-4.34,8453.41,11286.01,2832.6,33.51,104.18,1,71.17,2,26.77,29.64,1567.38
2025-09,2025,9,Q3,TFI,Treasury & Fixed Income,259821.39,233789.28,-26032.11,-10.02,89169.7,99245.45,10075.75,11.3,170651.69,134543.83,-36107.86,-21.16,89.98,0,42.45,5,26.56,29.77,1572.74
2025-09,2025,9,Q3,SS,Structured Solutions,136991.51,135335.93,-1655.58,-1.21,55868.53,47542.19,-8326.34,-14.9,81122.98,87793.74,6670.76,8.22,98.79,0,35.13,7,26.56,29.77,1572.74
2025-09,2025,9,Q3,AM,Asset Management,76146.29,77831.75,1685.46,2.21,34473.69,35543.97,1070.28,3.1,41672.6,42287.78,615.18,1.48,102.21,1,45.67,5,26.56,29.77,1572.74
2025-09,2025,9,Q3,FA,Financial Advisory,60172.73,56016.15,-4156.58,-6.91,25992.55,27612.0,1619.45,6.23,34180.18,28404.15,-5776.03,-16.9,93.09,0,49.29,14,26.56,29.77,1572.74
2025-09,2025,9,Q3,ER,Economic Research & Consulting,50060.22,42832.59,-7227.63,-14.44,27060.08,26524.45,-535.63,-1.98,23000.14,16308.14,-6692.0,-29.1,85.56,0,61.93,6,26.56,29.77,1572.74
2025-09,2025,9,Q3,CORP,Corporate / HQ,37473.58,39310.68,1837.1,4.9,30835.22,27304.61,-3530.61,-11.45,6638.36,12006.07,5367.71,80.86,104.9,1,69.46,3,26.56,29.77,1572.74
2025-10,2025,10,Q4,TFI,Treasury & Fixed Income,265583.61,257254.05,-8329.56,-3.14,88550.06,75910.21,-12639.85,-14.27,177033.55,181343.84,4310.29,2.43,96.86,0,29.51,3,28.0,26.92,1600.92
2025-10,2025,10,Q4,SS,Structured Solutions,147274.66,137203.1,-10071.56,-6.84,58495.47,65036.38,6540.91,11.18,88779.19,72166.72,-16612.47,-18.71,93.16,0,47.4,6,28.0,26.92,1600.92
2025-10,2025,10,Q4,AM,Asset Management,78694.79,78594.53,-100.26,-0.13,35189.03,37611.88,2422.85,6.89,43505.76,40982.65,-2523.11,-5.8,99.87,0,47.86,5,28.0,26.92,1600.92
2025-10,2025,10,Q4,FA,Financial Advisory,67045.2,56075.04,-10970.16,-16.36,26911.7,25153.19,-1758.51,-6.53,40133.5,30921.85,-9211.65,-22.95,83.64,0,44.86,8,28.0,26.92,1600.92
2025-10,2025,10,Q4,ER,Economic Research & Consulting,53377.85,47593.82,-5784.03,-10.84,28688.31,30920.82,2232.51,7.78,24689.54,16673.0,-8016.54,-32.47,89.16,0,64.97,4,28.0,26.92,1600.92
2025-10,2025,10,Q4,CORP,Corporate / HQ,36788.01,42170.74,5382.73,14.63,28368.69,28644.61,275.92,0.97,8419.32,13526.13,5106.81,60.66,114.63,1,67.93,3,28.0,26.92,1600.92
2025-11,2025,11,Q4,TFI,Treasury & Fixed Income,268928.66,268898.69,-29.97,-0.01,91867.52,98229.0,6361.48,6.92,177061.14,170669.69,-6391.45,-3.61,99.99,0,36.53,3,27.8,28.93,1622.14
2025-11,2025,11,Q4,SS,Structured Solutions,148433.69,149436.51,1002.82,0.68,62175.94,64200.28,2024.34,3.26,86257.75,85236.23,-1021.52,-1.18,100.68,1,42.96,5,27.8,28.93,1622.14
2025-11,2025,11,Q4,AM,Asset Management,80930.79,81612.29,681.5,0.84,35015.89,38799.07,3783.18,10.8,45914.9,42813.22,-3101.68,-6.76,100.84,1,47.54,4,27.8,28.93,1622.14
2025-11,2025,11,Q4,FA,Financial Advisory,66752.42,65720.81,-1031.61,-1.55,27098.98,30722.37,3623.39,13.37,39653.44,34998.44,-4655.0,-11.74,98.45,0,46.75,16,27.8,28.93,1622.14
2025-11,2025,11,Q4,ER,Economic Research & Consulting,53423.36,50691.87,-2731.49,-5.11,29826.45,30232.97,406.52,1.36,23596.91,20458.9,-3138.01,-13.3,94.89,0,59.64,4,27.8,28.93,1622.14
2025-11,2025,11,Q4,CORP,Corporate / HQ,41370.55,36922.84,-4447.71,-10.75,32297.56,29048.81,-3248.75,-10.06,9072.99,7874.03,-1198.96,-13.21,89.25,0,78.67,2,27.8,28.93,1622.14
2025-12,2025,12,Q4,TFI,Treasury & Fixed Income,310008.0,361906.59,51898.59,16.74,105668.67,104122.93,-1545.74,-1.46,204339.33,257783.66,53444.33,26.15,116.74,1,28.77,2,27.62,29.28,1564.86
2025-12,2025,12,Q4,SS,Structured Solutions,149644.48,150655.42,1010.94,0.68,62307.29,63030.71,723.42,1.16,87337.19,87624.71,287.52,0.33,100.68,1,41.84,9,27.62,29.28,1564.86
2025-12,2025,12,Q4,AM,Asset Management,87833.63,90287.14,2453.51,2.79,40057.07,43637.14,3580.07,8.94,47776.56,46650.0,-1126.56,-2.36,102.79,1,48.33,6,27.62,29.28,1564.86
2025-12,2025,12,Q4,FA,Financial Advisory,73652.12,83576.7,9924.58,13.47,30243.77,34630.82,4387.05,14.51,43408.35,48945.88,5537.53,12.76,113.47,1,41.44,9,27.62,29.28,1564.86
2025-12,2025,12,Q4,ER,Economic Research & Consulting,55093.28,61649.36,6556.08,11.9,30768.83,27557.53,-3211.3,-10.44,24324.45,34091.83,9767.38,40.15,111.9,1,44.7,11,27.62,29.28,1564.86
2025-12,2025,12,Q4,CORP,Corporate / HQ,44296.87,43140.56,-1156.31,-2.61,34240.54,29233.97,-5006.57,-14.62,10056.33,13906.59,3850.26,38.29,97.39,0,67.76,4,27.62,29.28,1564.86
2026-01,2026,1,Q1,TFI,Treasury & Fixed Income,194928.1,215972.15,21044.05,10.8,66958.24,66379.08,-579.16,-0.86,127969.86,149593.07,21623.21,16.9,110.8,1,30.74,5,25.36,24.6,1630.84
2026-01,2026,1,Q1,SS,Structured Solutions,98372.83,107998.76,9625.93,9.79,40631.83,35763.78,-4868.05,-11.98,57741.0,72234.98,14493.98,25.1,109.79,1,33.11,11,25.36,24.6,1630.84
2026-01,2026,1,Q1,AM,Asset Management,53394.45,56780.94,3386.49,6.34,23607.27,24926.87,1319.6,5.59,29787.18,31854.07,2066.89,6.94,106.34,1,43.9,3,25.36,24.6,1630.84
2026-01,2026,1,Q1,FA,Financial Advisory,47780.79,43544.26,-4236.53,-8.87,20354.67,21540.23,1185.56,5.82,27426.12,22004.03,-5422.09,-19.77,91.13,0,49.47,11,25.36,24.6,1630.84
2026-01,2026,1,Q1,ER,Economic Research & Consulting,35915.72,29282.42,-6633.3,-18.47,19366.37,20256.23,889.86,4.59,16549.35,9026.19,-7523.16,-45.46,81.53,0,69.18,9,25.36,24.6,1630.84
2026-01,2026,1,Q1,CORP,Corporate / HQ,27586.9,27193.21,-393.69,-1.43,22874.09,23194.2,320.11,1.4,4712.81,3999.01,-713.8,-15.15,98.57,0,85.29,2,25.36,24.6,1630.84
2026-02,2026,2,Q1,TFI,Treasury & Fixed Income,208988.09,247655.65,38667.56,18.5,71536.9,79227.3,7690.4,10.75,137451.19,168428.35,30977.16,22.54,118.5,1,31.99,4,26.24,23.46,1616.38
2026-02,2026,2,Q1,SS,Structured Solutions,111852.94,123399.92,11546.98,10.32,43867.61,48202.54,4334.93,9.88,67985.33,75197.38,7212.05,10.61,110.32,1,39.06,7,26.24,23.46,1616.38
2026-02,2026,2,Q1,AM,Asset Management,58129.84,53970.97,-4158.87,-7.15,26415.72,24808.89,-1606.83,-6.08,31714.12,29162.08,-2552.04,-8.05,92.85,0,45.97,4,26.24,23.46,1616.38
2026-02,2026,2,Q1,FA,Financial Advisory,49408.71,50556.19,1147.48,2.32,21565.75,19529.92,-2035.83,-9.44,27842.96,31026.27,3183.31,11.43,102.32,1,38.63,6,26.24,23.46,1616.38
2026-02,2026,2,Q1,ER,Economic Research & Consulting,40019.8,32649.42,-7370.38,-18.42,22193.16,25491.76,3298.6,14.86,17826.64,7157.66,-10668.98,-59.85,81.58,0,78.08,5,26.24,23.46,1616.38
2026-02,2026,2,Q1,CORP,Corporate / HQ,27971.83,32096.71,4124.88,14.75,22756.09,25004.07,2247.98,9.88,5215.74,7092.64,1876.9,35.99,114.75,1,77.9,4,26.24,23.46,1616.38
2026-03,2026,3,Q1,TFI,Treasury & Fixed Income,217785.27,232966.82,15181.55,6.97,77225.73,79350.14,2124.41,2.75,140559.54,153616.68,13057.14,9.29,106.97,1,34.06,3,27.18,23.65,1655.43
2026-03,2026,3,Q1,SS,Structured Solutions,113402.61,115157.1,1754.49,1.55,46051.55,52275.85,6224.3,13.52,67351.06,62881.25,-4469.81,-6.64,101.55,1,45.4,8,27.18,23.65,1655.43
2026-03,2026,3,Q1,AM,Asset Management,60326.0,55479.0,-4847.0,-8.03,28426.76,26988.48,-1438.28,-5.06,31899.24,28490.52,-3408.72,-10.69,91.97,0,48.65,4,27.18,23.65,1655.43
2026-03,2026,3,Q1,FA,Financial Advisory,52235.33,42507.14,-9728.19,-18.62,20858.71,19100.75,-1757.96,-8.43,31376.62,23406.39,-7970.23,-25.4,81.38,0,44.94,8,27.18,23.65,1655.43
2026-03,2026,3,Q1,ER,Economic Research & Consulting,39996.51,40848.48,851.97,2.13,21148.6,20166.61,-981.99,-4.64,18847.91,20681.87,1833.96,9.73,102.13,1,49.37,7,27.18,23.65,1655.43
2026-03,2026,3,Q1,CORP,Corporate / HQ,31044.75,30050.31,-994.44,-3.2,25848.13,27507.83,1659.7,6.42,5196.62,2542.48,-2654.14,-51.07,96.8,0,91.54,4,27.18,23.65,1655.43
2026-04,2026,4,Q2,TFI,Treasury & Fixed Income,233253.65,206908.12,-26345.53,-11.29,80690.45,79631.06,-1059.39,-1.31,152563.2,127277.06,-25286.14,-16.57,88.71,0,38.49,1,26.18,24.14,1595.41
2026-04,2026,4,Q2,SS,Structured Solutions,118970.32,132322.67,13352.35,11.22,45546.63,39810.21,-5736.42,-12.59,73423.69,92512.46,19088.77,26.0,111.22,1,30.09,9,26.18,24.14,1595.41
2026-04,2026,4,Q2,AM,Asset Management,67868.02,73340.24,5472.22,8.06,29381.77,32929.21,3547.44,12.07,38486.25,40411.03,1924.78,5.0,108.06,1,44.9,3,26.18,24.14,1595.41
2026-04,2026,4,Q2,FA,Financial Advisory,54094.24,49601.85,-4492.39,-8.3,22687.77,23213.22,525.45,2.32,31406.47,26388.63,-5017.84,-15.98,91.7,0,46.8,3,26.18,24.14,1595.41
2026-04,2026,4,Q2,ER,Economic Research & Consulting,43871.22,40566.38,-3304.84,-7.53,24682.15,25809.82,1127.67,4.57,19189.07,14756.56,-4432.51,-23.1,92.47,0,63.62,9,26.18,24.14,1595.41
2026-04,2026,4,Q2,CORP,Corporate / HQ,33881.23,38963.03,5081.8,15.0,26917.92,25455.2,-1462.72,-5.43,6963.31,13507.83,6544.52,93.99,115.0,1,65.33,3,26.18,24.14,1595.41
